CD_MUN,NM_MUN,sigla,lon,lat,demand_weight
2304400,Fortaleza,CE,-38.52800064434069,-3.785832852159754,0.0720337315082473
2927408,Salvador,BA,-38.51472192393459,-12.873491406991862,0.0612571355498645
2611606,Recife,PE,-34.93308627358183,-8.03934493234589,0.0524965365804396
2111300,São Luís,MA,-44.280904213950755,-2.63369064852377,0.0261423361771393
2507507,João Pessoa,PB,-34.869531432748666,-7.165465399737441,0.0251652860108257
2408102,Natal,RN,-35.228841433486544,-5.8031746489844425,0.0242119455840312
2211001,Teresina,PI,-42.740607685419874,-5.1026580925109535,0.0236531740323644
2607901,Jaboatão dos Guararapes,PE,-35.00334988497015,-8.1521589919608,0.018525454346396
2910800,Feira de Santana,BA,-39.03398953570665,-12.193076440066609,0.0168162388027066
2504009,Campina Grande,PB,-35.96565886203973,-7.263553426247641,0.0126110447493812
2604106,Caruaru,PE,-36.01663483921931,-8.180522960677038,0.009947944726416
2303709,Caucaia,CE,-38.809691261376294,-3.783590269972617,0.0098300764338416
2905701,Camaçari,BA,-38.206311773506016,-12.666028868994717,0.0091873948477084
2611101,Petrolina,PE,-40.57235907214562,-9.019794468148113,0.0091792014981956
2408003,Mossoró,RN,-37.325529526308046,-5.175810187075115,0.0080803349399555
2933307,Vitória da Conquista,BA,-40.91316376985373,-15.022284436539309,0.007994280736874
2704302,Maceió,AL,-35.71139049891422,-9.522394442027249,0.0074665348257385
2403251,Parnamirim,RN,-35.230120591565694,-5.914326801580971,0.0068526738250695
2602902,Cabo de Santo Agostinho,PE,-35.08591917699588,-8.269220154488252,0.006662219546826
2609600,Olinda,PE,-34.86636517974179,-7.9931004451529395,0.0066463917708997
2610707,Paulista,PE,-34.88341019049262,-7.928155124711241,0.0064206497703649
2307650,Maracanaú,CE,-38.62713250987525,-3.874536724375358,0.0061547824588318
2919207,Lauro de Freitas,BA,-38.32721645883267,-12.8635507617926,0.0060812621797807
2800308,Aracaju,SE,-37.09491351930869,-10.994202264840398,0.0053876530252036
2312908,Sobral,CE,-40.227869846989684,-3.8110408120034123,0.0053374311612853
2307304,Juazeiro do Norte,CE,-39.2861647693736,-7.182814203242174,0.00506009137463
2918407,Juazeiro,BA,-40.27465963651664,-9.55687994957359,0.0050418251926936
2903201,Barreiras,BA,-45.5423786936678,-12.013022349684798,0.0047074375194436
2700300,Arapiraca,AL,-36.64100715199546,-9.749289090688288,0.0045257095634389
2616407,Vitória de Santo Antão,PE,-35.28694876711477,-8.149781093098671,0.0044370023148416
2900702,Alagoinhas,BA,-38.402235222964585,-12.113125674241958,0.004410532614711
2930709,Simões Filho,BA,-38.40067680424649,-12.767703252599386,0.0040741119871841
2606804,Igarassu,PE,-34.96032021695964,-7.8175096315963515,0.0037828092447655
2925303,Porto Seguro,BA,-39.27910145666007,-16.625013004388826,0.0036662984906219
2924009,Paulo Afonso,BA,-38.293684320228564,-9.539578660076069,0.0035421363676873
2606002,Garanhuns,PE,-36.50113558182681,-8.929088270958566,0.0035333123249248
2513703,Santa Rita,PB,-35.00006839548251,-7.067297610106019,0.0033165939050396
2804805,Nossa Senhora do Socorro,SE,-37.145553477777256,-10.863838045298499,0.0031373869405675
2607208,Ipojuca,PE,-35.088929313508196,-8.437176271692248,0.0031320927309342
2910727,Eunápolis,BA,-39.606118599840116,-16.298751725284166,0.0031166565288379
2918001,Jequié,BA,-40.14613045435638,-13.877606722954184,0.0030908031742569
2207702,Parnaíba,PI,-41.75344479572846,-2.9591591274392415,0.0029388714987127
2931350,Teixeira de Freitas,BA,-39.786880701862934,-17.424098160838327,0.0027983285087009
2100055,Açailândia,MA,-47.33242906277543,-4.785820887917514,0.0026655328794616
2603454,Camaragibe,PE,-34.99581176965023,-7.986775525551846,0.0025602435232668
2606200,Goiana,PE,-34.94249515112701,-7.596875762569196,0.0025393082861616
2510808,Patos,PB,-37.31688881760792,-6.995486053247818,0.0025266938072579
2910057,Dias d'Ávila,BA,-38.28239526444964,-12.60126273909529,0.0024870989292884
2601706,Belo Jardim,PE,-36.405117323544594,-8.258927784903685,0.0024313770172931
2928703,Santo Antônio de Jesus,BA,-39.22662129957535,-13.008296616954064,0.0023846868661279
2101400,Balsas,MA,-46.342758154573865,-8.237647988351341,0.0022712187075107
2612505,Santa Cruz do Capibaribe,PE,-36.32529468634233,-7.889567564717978,0.0022112355515541
2301000,Aquiraz,CE,-38.3940807395933,-3.976570088379893,0.0021737824273937
2503209,Cabedelo,PB,-34.84756648733874,-7.027743654081047,0.0021262606029011
2802106,Estância,SE,-37.397941908133696,-11.249506062194012,0.0020638646336404
2906006,Campo Formoso,BA,-40.728936454507725,-10.251062587323162,0.0020167553488739
2604007,Carpina,PE,-35.305916050371486,-7.81946856026283,0.0020036092201319
2600054,Abreu e Lima,PE,-35.01914464088052,-7.879660783441702,0.0019798898209225
2613909,Serra Talhada,PE,-38.36972810106363,-8.036099954299424,0.001944396336906
2208007,Picos,PI,-41.52231121515557,-7.05892068390283,0.0019206042129544
2112209,Timon,MA,-42.98107444373994,-5.185590856897897,0.0019118185144041
2412005,São Gonçalo do Amarante,RN,-35.364807465365864,-5.787741432146022,0.0019070469020583
2111201,São José de Ribamar,MA,-44.130522233846875,-2.5742571492898327,0.001889597712385
2305506,Iguatu,CE,-39.28186468549852,-6.358481228766215,0.0018844434223216
2305233,Horizonte,CE,-38.46501369865492,-4.102181586419339,0.0018568851791497
2304202,Crato,CE,-39.4899368638855,-7.235646753805073,0.0018515706679772
2407104,Macaíba,RN,-35.428765730183734,-5.926858521353989,0.0018300938199754
2917508,Jacobina,BA,-40.56854552384838,-11.134920206802791,0.0018175047757653
2506301,Guarabira,PB,-35.44801522043615,-6.877847970291428,0.0018098188546528
2306405,Itapipoca,CE,-39.598300989202734,-3.3952255462578798,0.0017649277203685
2803500,Lagarto,SE,-37.66443696272076,-10.902704836706858,0.0017452978090104
2103000,Caxias,MA,-43.299187444278004,-4.866408967971175,0.0017404822609554
2904605,Brumado,BA,-41.689076650833485,-14.16794296118283,0.0017352690334485
2501807,Bayeux,PB,-34.92194662763559,-7.131734532379625,0.0017323510076636
2313401,Tianguá,CE,-41.05499091557159,-3.736148883387457,0.0017141596354262
2613008,São Bento do Una,PE,-36.45063798405136,-8.535920020504077,0.0017059712275038
2932903,Valença,BA,-39.19395079993908,-13.347443235052864,0.0016937045447969
2301109,Aracati,CE,-37.68550530049586,-4.680982460331532,0.0016884382775155
2516201,Sousa,PB,-38.22521643278453,-6.739736348682795,0.0016711181581327
2307700,Maranguape,CE,-38.8121423620313,-4.006665305205003,0.0016318870074264
2911709,Guanambi,BA,-42.82003593451359,-14.203956852800463,0.0016100965751446
2914802,Itabuna,BA,-39.31280719610028,-14.85164820299102,0.0015905414372977
2606408,Gravatá,PE,-35.56361797205489,-8.19940159814741,0.0015612624699743
2704708,Marechal Deodoro,AL,-35.90962404307221,-9.715297627107883,0.0015300216362421
2105302,Imperatriz,MA,-47.57523826711793,-5.339771435835506,0.0015226027570077
2605202,Escada,PE,-35.26457176732796,-8.369739790266355,0.0015001174225955
2914604,Irecê,BA,-41.83896926498775,-11.309449430517521,0.0014910978406451
2400208,Açu,RN,-37.01411461202094,-5.526647957442515,0.0014691296743211
2304285,Eusébio,CE,-38.45759891818224,-3.8759811625213207,0.0014664458132606
2601102,Araripina,PE,-40.484804094121806,-7.607948421034882,0.001460687649976
2203909,Floriano,PI,-43.07938239884456,-7.00580636948407,0.0014542915800098
2916401,Itapetinga,BA,-40.05751500039078,-15.299279816260656,0.0014275081737303
2307601,Limoeiro do Norte,CE,-38.04609857981658,-5.158106417880244,0.0014081427332794
2601201,Arcoverde,PE,-37.00554783679184,-8.383889069691024,0.0013955705207587
2702306,Coruripe,AL,-36.23060933348502,-10.0824303453494,0.0013635738168344
2103307,Codó,MA,-43.88600855213189,-4.607251816347532,0.0013581463551928
2309607,Pacajus,CE,-38.4983267375077,-4.183823405308195,0.0013459695387355
2301901,Barbalha,CE,-39.34457005017668,-7.403744916918768,0.0013308179887385
2903904,Bom Jesus da Lapa,BA,-43.293387440883144,-13.277147217625297,0.0013212684504496
2312403,São Gonçalo do Amarante,CE,-39.060559307920194,-3.6005516574521423,0.0013137926277573
2921005,Mata de São João,BA,-38.148884442050644,-12.483981891569945,0.0012929296219963
2922003,Mucuri,BA,-39.8670123099278,-18.059175210472947,0.0012695926187153
2308708,Morada Nova,CE,-38.43291396414347,-5.034793177453201,0.0012632084181919
2101202,Bacabal,MA,-44.76188061272235,-4.171104529445084,0.0012477047573339
2405801,João Câmara,RN,-35.873930933980354,-5.475358520983963,0.001242923997743
2930204,Sento Sé,BA,-41.648827157137795,-10.108055562790899,0.0012265092491738
2309706,Pacatuba,CE,-38.59716491137977,-3.9523149510056945,0.0012219476453286
2929206,São Francisco do Conde,BA,-38.631975136639085,-12.65083599409711,0.0012082359579545
2109908,Santa Inês,MA,-45.43675349316267,-3.873519149845205,0.0012076547625502
2925204,Pojuca,BA,-38.252963671702936,-12.361734226189395,0.0012004215260998
2913606,Ilhéus,BA,-39.191802486068774,-14.752742893951105,0.0011709688433011
2612208,Salgueiro,PE,-39.08981492707054,-8.129180794413038,0.0011506736800991
2700409,Atalaia,AL,-36.07248763576719,-9.504744821227733,0.0011477679726296
2311801,Russas,CE,-38.148254278311285,-4.843813812093059,0.0011461331175525
2929305,São Gonçalo dos Campos,BA,-38.94137438404851,-12.417177476241422,0.00112420472616
2407203,Macau,RN,-36.52345999876014,-5.1959539154235115,0.0011123031517502
2928604,Santo Amaro,BA,-38.76439116940237,-12.561824780748134,0.0011072293899244
2601904,Bezerros,PE,-35.78215413789192,-8.218033233039055,0.001105570941438
2313500,Trairi,CE,-39.35359381605275,-3.3374347027403197,0.001103217299266
2707701,Rio Largo,AL,-35.8644387609547,-9.480041026282938,0.001088529439689
2709301,União dos Palmares,AL,-36.01443911966502,-9.120411510003287,0.0010832680300999
2915601,Itamaraju,BA,-39.76482038246741,-17.00875696846204,0.0010810954244295
2905206,Caetité,BA,-42.4766374997144,-13.947967788091765,0.0010690282108961
2610608,Paudalho,PE,-35.15507240745442,-7.905582832469557,0.0010636622016066
2610004,Palmares,PE,-35.63043413168542,-8.656488458835629,0.0010611560159919
2614501,Surubim,PE,-35.75451481897266,-7.891853860523634,0.0010512949386004
2708600,São Miguel dos Campos,AL,-36.10078157093953,-9.772806757734388,0.001050298018909
2302206,Beberibe,CE,-38.11290706724768,-4.401730560327206,0.0010476798175574
2709152,Teotônio Vilela,AL,-36.371502172845254,-9.964701578076111,0.0010386247008618
2928901,São Desidério,BA,-45.492579177286,-12.802362814174078,0.0010329312129237
2306256,Itaitinga,CE,-38.549962810813234,-3.9980371733458755,0.0010301492066224
2609402,Moreno,PE,-35.146295328984735,-8.144041520362274,0.0010248257979803
2107506,Paço do Lumiar,MA,-44.12406887152565,-2.5052286365506493,0.001021852952036
2909802,Cruz das Almas,BA,-39.11791153996395,-12.683035217453277,0.001014300713236
2300200,Acaraú,CE,-40.08813329217442,-2.967897828052499,0.001009289481613
2917706,Jaguarari,BA,-40.06834812466271,-10.042620959358104,0.0010077051572405
2800605,Barra dos Coqueiros,SE,-36.969406157829276,-10.851117655051409,0.0010073083430281
2402600,Ceará-Mirim,RN,-35.3952214178592,-5.595470340767463,0.0010032694333535
2806701,São Cristóvão,SE,-37.22043099152553,-10.962216426915113,0.001001321053354
2908507,Conceição do Jacuípe,BA,-38.742185709832896,-12.337192503961033,0.0009992667593441
2801207,Canindé de São Francisco,SE,-37.9180080310846,-9.709169249372916,0.0009898464947838
2930105,Senhor do Bonfim,BA,-40.11524318642422,-10.484163169369365,0.0009717594004641
2803609,Laranjeiras,SE,-37.18616729624481,-10.804542111248647,0.0009716797645921
2914703,Itaberaba,BA,-40.26226357183283,-12.499096509580157,0.0009699779363159
2608909,Limoeiro,PE,-35.447869907817996,-7.847740348516167,0.0009626322626961
2909307,Correntina,BA,-45.39586282358262,-13.467235422188564,0.0009580255752589
2104800,Grajaú,MA,-46.01494475671995,-5.840227457750003,0.0009471496124951
2104057,Estreito,MA,-47.20117355715447,-6.782434606664718,0.0009380525690867
2401107,Areia Branca,RN,-37.046253655296475,-5.00117648693464,0.0009369681653959
2613701,São Lourenço da Mata,PE,-35.10387401275206,-8.023095642757278,0.0009079342683516
2208403,Piripiri,PI,-41.771356871179485,-4.33095128261905,0.0009074840327074
2706307,Palmeira dos Índios,AL,-36.605709169690364,-9.4182429312149,0.0009038345320509
2302800,Canindé,CE,-39.43035209953736,-4.402118968637723,0.0009016092290087
2609907,Ouricuri,PE,-40.16447098475453,-7.965979240165717,0.0008962282273511
2928802,Santo Estêvão,BA,-39.269011503104835,-12.468335538940961,0.0008894255106677
2908408,Conceição do Coité,BA,-39.249819849719,-11.524123139905662,0.0008607812842989
2919553,Luís Eduardo Magalhães,BA,-46.02035682653814,-12.198392737735277,0.0008582828185461
2607752,Itapissuma,PE,-34.90679815019046,-7.7451498085998125,0.0008578876609567
2615300,Timbaúba,PE,-35.34153933399775,-7.53454983801324,0.0008572962181223
2108603,Pinheiro,MA,-45.126903388163086,-2.498115045930248,0.0008567187273314
2515302,Sapé,PB,-35.19712848230451,-7.055393499210814,0.0008564891435177
2704500,Maragogi,AL,-35.26922202120309,-8.951747101469207,0.0008559091125935
2803203,Itaporanga d'Ajuda,SE,-37.318239138305024,-11.057702260437376,0.0008542927697701
2907202,Casa Nova,BA,-41.33648205049066,-9.240251461679579,0.000851679141419
2302602,Camocim,CE,-40.800891212641226,-2.9498067990764087,0.0008305218775972
2929503,São Sebastião do Passé,BA,-38.49824801171287,-12.517179192246386,0.0008271907833609
2414407,Touros,RN,-35.60796964572404,-5.281010735254162,0.0008157099617851
2509701,Monteiro,PB,-37.09171628523522,-7.907756892169653,0.0008052875635947
2403103,Currais Novos,RN,-36.44355380194361,-6.223564789181897,0.0008050852483807
2609501,Nazaré da Mata,PE,-35.23316859346971,-7.737195648907703,0.000790537434926
2911105,Formosa do Rio Preto,BA,-45.74529016621779,-11.014212911213564,0.0007758274911015
2802908,Itabaiana,SE,-37.42162056648987,-10.685585234783158,0.0007756825330839
2504603,Conde,PB,-34.860653511795306,-7.282029928050729,0.0007722409805815
2512507,Queimadas,PB,-35.91370272191656,-7.399421315911699,0.0007677459110752
2804508,Nossa Senhora da Glória,SE,-37.52836989599545,-10.177642507013902,0.000767474704048
2914406,Iraquara,BA,-41.58309537818616,-12.248340539424527,0.0007644475390088
2306553,Itarema,CE,-39.889058049847876,-3.049830803810191,0.0007585856519026
2706703,Penedo,AL,-36.482312191393476,-10.231329156114358,0.000752648955003
2201903,Bom Jesus,PI,-44.540200330074654,-9.245738493292563,0.0007512650328524
2401453,Baraúna,RN,-37.61833884860135,-5.09279675053917,0.0007471943893632
2602100,Bom Conselho,PE,-36.68403805797536,-9.202697515955073,0.0007385015204666
2103208,Chapadinha,MA,-43.453841043467214,-3.8487560576772037,0.000736829570189
2101608,Barra do Corda,MA,-45.183084769409426,-5.504129801814884,0.0007325607912444
2305407,Icó,CE,-38.78341009226333,-6.389048183739171,0.0007296014023051
2708501,São Luís do Quitunde,AL,-35.63418363309297,-9.249743504790152,0.0007218992948614
2513901,São Bento,PB,-37.47132234691467,-6.458873922407654,0.0007186443783611
2910602,Esplanada,BA,-37.88534008785996,-11.931246432072761,0.0007121753106445
2401008,Apodi,RN,-37.835669108484645,-5.628279631089323,0.0007103440996384
2511202,Pedras de Fogo,PB,-35.07455103918282,-7.336155079664058,0.0007052843238142
2313302,Tauá,CE,-40.2589498302694,-5.936782606414975,0.0007042227901354
2202208,Campo Maior,PI,-42.14499906885224,-4.876998617745918,0.0006987124203537
2926608,Ribeira do Pombal,BA,-38.54378034780634,-10.791925052902583,0.0006972504992829
2605103,Custódia,PE,-37.68155456414909,-8.173842171932744,0.0006819263643414
2907509,Catu,BA,-38.412900420281,-12.33056944384613,0.0006766418224816
2202901,Corrente,PI,-45.13966823558343,-10.391611056105905,0.0006737977526914
2608800,Lajedo,PE,-36.28629392716427,-8.677954095818466,0.0006723910370605
2906501,Candeias,BA,-38.48116112514611,-12.678478932066977,0.0006635407622654
2926202,Riachão das Neves,BA,-45.21763542842149,-11.623039987089504,0.0006634838909385
2910503,Entre Rios,BA,-38.04827510491806,-12.063569424637436,0.0006632713765253
2305001,Guaraciaba do Norte,CE,-40.9154093619647,-4.232768076906386,0.0006620519117811
2611804,Ribeirão,PE,-35.36646025922074,-8.504556729197343,0.0006618626280605
2917607,Jaguaquara,BA,-39.95700219751206,-13.553854270244845,0.0006598806063805
2300754,Amontada,CE,-39.785184904930155,-3.2396005980372786,0.0006583548964622
2708808,São Sebastião,AL,-36.550349638863665,-9.963364843458535,0.0006569814243335
2106755,Miranda do Norte,MA,-44.52685154457979,-3.531420193832834,0.0006496172454086
2108207,Pedreiras,MA,-44.58137663336646,-4.618024468032474,0.0006488652746625
2612604,Santa Maria da Boa Vista,PE,-39.9143178445479,-8.629740259822452,0.0006476160578789
2914000,Ipirá,BA,-39.77714282593828,-12.211242475574666,0.0006469879877742
2506004,Esperança,PB,-35.89031754711362,-6.9981739676206125,0.0006429018653557
2504306,Catolé do Rocha,PB,-37.70446932960007,-6.321104296156649,0.0006408116318527
2211209,Uruçuí,PI,-44.56948594134407,-7.791882803947812,0.0006385635320673
2606101,Glória do Goitá,PE,-35.33823744237451,-8.012684817853986,0.000636841735047
2105401,Itapecuru Mirim,MA,-44.27765976897285,-3.3873190118089065,0.0006366894609037
2807402,Tobias Barreto,SE,-38.00315157649719,-11.042284918754685,0.0006364558654206
2313609,Ubajara,CE,-41.004513125953125,-3.866562106186995,0.0006351795237641
2602803,Buíque,PE,-37.122667902515,-8.649993279489003,0.0006304096072492
2312205,Santa Quitéria,CE,-40.041913139695325,-4.34070676351286,0.0006269325907583
2109106,Presidente Dutra,MA,-44.45709336679227,-5.283075396105493,0.0006225445028706
2600104,Afogados da Ingazeira,PE,-37.620003801594684,-7.73710351798224,0.0006221442294179
2312304,São Benedito,CE,-40.96950856921113,-4.040847904493063,0.0006204723716605
2411205,Santa Cruz,RN,-36.00648923546799,-6.248246337631902,0.0006196998506162
2602308,Bonito,PE,-35.708542206453245,-8.494954235681432,0.0006193007629727
2102325,Buriticupu,MA,-46.34241585716199,-4.4937879369770055,0.0006162551620467
2110005,Santa Luzia,MA,-45.93160107637206,-4.269897677161326,0.0006124826966751
2611309,Pombos,PE,-35.38727804239731,-8.181695154603576,0.000611541784521
2921708,Morro do Chapéu,BA,-41.16705973828072,-11.464874966909244,0.0006090578425502
2913705,Inhambupe,BA,-38.40381474270119,-11.805115923153984,0.0006089261814241
2929909,Seabra,BA,-41.88475528316749,-12.417697893514777,0.0006089167923833
2925501,Prado,BA,-39.351718965084196,-17.130352878871765,0.0006077902896791
2930501,Serrinha,BA,-38.99379057060339,-11.66566710422233,0.0006068292599915
2402204,Canguaretama,RN,-35.14845998153687,-6.395087546680656,0.0006063215491443
2500601,Alhandra,PB,-34.9333231697728,-7.348619706125191,0.0006053654977803
2402006,Caicó,RN,-37.03794347924496,-6.467561843009718,0.0006039394419463
2607653,Itambé,PE,-35.13426653304086,-7.449903330562,0.0006001444894682
2311504,Quixeré,CE,-37.86239249864528,-5.088171065838613,0.0005977162257302
2314102,Viçosa do Ceará,CE,-41.13606008146352,-3.5461996224852945,0.0005968682806864
2616308,Vicência,PE,-35.357223755186176,-7.659525989490428,0.0005964335933724
2920502,Maracás,BA,-40.55523304757572,-13.495181994625387,0.0005934511309321
2311306,Quixadá,CE,-38.947032563214925,-4.954480824435966,0.0005921939054831
2503001,Caaporã,PB,-34.918939702993256,-7.486769263031383,0.0005920425769771
2512101,Pombal,PB,-37.85094172218106,-6.772539551876693,0.0005894318294773
2306306,Itapajé,CE,-39.575035113868616,-3.73278099979727,0.0005882223050598
2933208,Vera Cruz,BA,-38.69696623687567,-13.007148621417619,0.0005864847406714
2928109,Santa Maria da Vitória,BA,-44.37997896623205,-13.218350343634972,0.0005843651896599
2207009,Oeiras,PI,-42.16497599749251,-6.966341314093108,0.0005784531115923
2403608,Extremoz,RN,-35.26866557904613,-5.680969343413222,0.0005710305834184
2109007,Porto Franco,MA,-47.17994217987554,-6.368748899343754,0.0005691224152434
2906873,Capim Grosso,BA,-39.99590008886726,-11.30628838441482,0.0005641750954701
2307007,Jaguaruana,CE,-37.746652032585736,-4.865694194720406,0.0005608976687056
2210607,São Raimundo Nonato,PI,-42.71563072271802,-8.965650926036767,0.0005604428893365
2919504,Livramento de Nossa Senhora,BA,-41.99092726237184,-13.810655572295982,0.0005601971107459
2300309,Acopiara,CE,-39.49384181317308,-6.122030613940154,0.0005584822811241
2902906,Barra do Choça,BA,-40.581269846714,-14.913054459242645,0.0005580630128513
2925105,Poções,BA,-40.382613301889826,-14.536399075246772,0.0005580430473127
2306900,Jaguaribe,CE,-38.70500293628697,-5.9612955472464275,0.0005551733164435
2608503,Lagoa de Itaenga,PE,-35.294844269832595,-7.909240938093197,0.0005544453759891
2913903,Ipiaú,BA,-39.72650468136865,-14.054873226213005,0.0005534804409129
2310209,Paracuru,CE,-39.03878988634288,-3.480785834871256,0.0005499851979349
2311405,Quixeramobim,CE,-39.33320928137724,-5.245547309050746,0.000549267691162
2404200,Goianinha,RN,-35.2138381871761,-6.287828862283169,0.000547156828173
2511905,Pitimbu,PB,-34.84176281189277,-7.430893660374856,0.0005453878472447
2908101,Cocos,BA,-45.21994459087392,-14.496928516764191,0.0005447756632144
2307254,Jijoca de Jericoacoara,CE,-40.495294744754084,-2.8777605073504766,0.0005422665348535
2409902,Pendências,RN,-36.62398986409373,-5.292903628897807,0.0005417053656453
2805703,Propriá,SE,-36.80311545526921,-10.2449182873835,0.0005379565112547
2610905,Pesqueira,PE,-36.73529240631137,-8.391893680543433,0.0005378153497858
2927705,Santa Cruz Cabrália,BA,-39.20095395539741,-16.22917811233134,0.0005336554698243
2302404,Boa Viagem,CE,-39.80790917275703,-5.087822889024166,0.0005334512645467
2931905,Tucano,BA,-38.81148251368195,-11.034983196253117,0.0005302732559845
2602605,Brejo da Madre de Deus,PE,-36.281412953298336,-8.075643272085333,0.0005297564187768
2310258,Paraipaba,CE,-39.17929702817818,-3.422271322766608,0.0005294058401298
2400703,Alto do Rodrigues,RN,-36.723620480074025,-5.3623293694949545,0.0005245518896583
2704203,Limoeiro de Anadia,AL,-36.46773135658146,-9.732386375723655,0.000524124327636
2101707,Barreirinhas,MA,-42.91011089993243,-2.8397612020070206,0.0005237210056274
2803005,Itabaianinha,SE,-37.77918544565155,-11.258736126893243,0.0005199993908548
2706901,Pilar,AL,-36.004634595806735,-9.615316644858142,0.0005172234082372
2702405,Delmiro Gouveia,AL,-38.0471239729,-9.397584497086056,0.0005154589958538
2305803,Ipu,CE,-40.66914445264593,-4.3696752111425345,0.0005142849690523
2613107,São Caitano,PE,-36.14800371232577,-8.32883369841789,0.0005140498398023
2803302,Japaratuba,SE,-36.90298952156098,-10.553246253334004,0.0005123737636482
2605707,Floresta,PE,-38.31084430896529,-8.566892825517854,0.0005112188732971
2308401,Missão Velha,CE,-39.152878134987034,-7.306450161978861,0.0005104189377293
2928000,Santaluz,BA,-39.48523547237414,-11.220235601349717,0.0005081767345655
2919926,Madre de Deus,BA,-38.64273210121154,-12.741113588255924,0.0005016151651049
2304103,Crateús,CE,-40.719577464302326,-5.199324831587529,0.000501212180592
2921104,Medeiros Neto,BA,-40.28563321717476,-17.361297569645764,0.0005008024449285
2914653,Itabela,BA,-39.5513375499453,-16.66290085676043,0.0005005708583484
2201200,Barras,PI,-42.3680646345499,-4.1899287561476735,0.0004925584577962
2918100,Jeremoabo,BA,-38.49929863493704,-9.98142399674269,0.0004878220009298
2603207,Caetés,PE,-36.65918713924867,-8.80395078124065,0.0004865468318391
2303501,Cascavel,CE,-38.29708705950518,-4.239086695944077,0.0004843254715132
2615607,Trindade,PE,-40.29500467911471,-7.727799175443045,0.0004811475866514
2310704,Pentecoste,CE,-39.14603046361698,-3.8538446073704264,0.0004795758656544
2902104,Araci,BA,-39.06446380125599,-11.212471510674245,0.0004781499023767
2503704,Cajazeiras,PB,-38.54098915944139,-6.919851650579001,0.0004767348526189
2109502,Riachão,MA,-46.65940256737877,-7.597923567140144,0.0004752760171424
2600708,Aliança,PE,-35.19303896350683,-7.602575949509966,0.000474591090593
2926004,Remanso,BA,-42.24525011656724,-9.594796241802955,0.000473685103652
2513406,Santa Luzia,PB,-36.906526669847814,-6.917185323068359,0.0004714323811055
2114007,Zé Doca,MA,-45.9126134429158,-3.259881627801299,0.0004671887605811
2904902,Cachoeira,BA,-38.88487618283192,-12.646706911028119,0.0004663567232251
2304707,Granja,CE,-41.00170419851502,-3.2306096054383193,0.0004643871269709
2314003,Várzea Alegre,CE,-39.29785033499979,-6.771792888227712,0.0004630948352848
2600500,Águas Belas,PE,-37.038648051910386,-9.087044538761566,0.0004605776716858
2922409,Mutuípe,BA,-39.50662944093079,-13.311893923063748,0.0004586731980584
2609709,Orobó,PE,-35.598687835179454,-7.705931603264206,0.000457918277668
2905800,Camamu,BA,-39.1641859947151,-14.012551829000627,0.0004557744766362
2103505,Colinas,MA,-44.18144064208668,-6.055721004956959,0.0004557281989567
2614857,Tamandaré,PE,-35.230028458216815,-8.745744519880278,0.0004545190705049
2910701,Euclides da Cunha,BA,-38.91514100216994,-10.464200066261444,0.0004539501516237
2105708,Lago da Pedra,MA,-45.20530645800092,-4.738995271237896,0.0004534411954829
2203701,Esperantina,PI,-42.1896843371195,-3.823374495301297,0.00045192136499
2901007,Amargosa,BA,-39.62632106952071,-13.040852239653015,0.0004513733271174
2112506,Tutóia,MA,-42.39062468107007,-2.9231311975781593,0.0004499737429244
2705507,Murici,AL,-35.92395871482353,-9.290862775801463,0.0004499041470084
2911204,Gandu,BA,-39.482691969938244,-13.788697360553925,0.0004487970424155
2933604,Xique-Xique,BA,-42.780132696488174,-10.984261781520793,0.0004487266087101
2921500,Monte Santo,BA,-39.454201896831485,-10.382987599117538,0.0004476288282175
2516003,Solânea,PB,-35.72487229160844,-6.75222820812515,0.0004474954870481
2111607,São Raimundo das Mangabeiras,MA,-45.69094108346101,-7.01385339700575,0.0004472111182595
2313104,Tabuleiro do Norte,CE,-38.027236643243086,-5.3611180427292995,0.000445774514863
2302107,Baturité,CE,-38.85100170641995,-4.3833574203983785,0.0004434783208249
2923803,Paripiranga,BA,-37.899160654060616,-10.614273719687967,0.000442377494428
2308500,Mombaça,CE,-39.74845460246511,-5.788103476414969,0.0004420686434222
2103604,Coroatá,MA,-44.14530068335655,-4.10220112095071,0.0004395969984335
2703205,Igreja Nova,AL,-36.62003826191919,-10.139705302665107,0.0004374421563783
2611903,Rio Formoso,PE,-35.218150180197554,-8.675068968997085,0.0004361896989943
2310803,Pereiro,CE,-38.48865189135447,-6.040833224400543,0.0004358169841317
2804003,Maruim,SE,-37.1052319844149,-10.730405109769837,0.0004351929707787
2102804,Carolina,MA,-47.21124708931807,-7.376415260479545,0.0004332296732845
2112233,Trizidela do Vale,MA,-44.68177807568849,-4.539301321168425,0.0004329097174166
2507002,Itaporanga,PB,-38.18641932317154,-7.286483547792841,0.0004324849994973
2912202,Ibicoara,BA,-41.327893103225016,-13.380991229441372,0.000431400028392
2210706,Simões,PI,-40.741732105960274,-7.670979560088782,0.0004300432972843
2413359,Serra do Mel,RN,-37.02422238305118,-5.171279534412664,0.0004297156638124
2916500,Itapicuru,BA,-38.19422552613215,-11.192021236508582,0.000427267854575
2915205,Itagibá,BA,-39.830454144269666,-14.25256693890352,0.0004258122544129
2901106,Amélia Rodrigues,BA,-38.720482693803305,-12.421184280976803,0.0004257857156981
2500403,Alagoa Nova,PB,-35.76691739430746,-7.061643372017549,0.000424654110213
2210003,São João do Piauí,PI,-42.25736759850761,-8.320437730676378,0.0004226259666272
2614105,Sertânia,PE,-37.337082445002984,-8.210559734881553,0.0004218561883304
2602209,Bom Jardim,PE,-35.588522330952586,-7.786785095723098,0.0004213961405858
2704005,Junqueiro,AL,-36.44071687051259,-9.856499680562859,0.0004207697894329
2601607,Belém do São Francisco,PE,-38.98193984974978,-8.5835641027339,0.0004205983099931
2702900,Girau do Ponciano,AL,-36.85010435792769,-9.793317396841832,0.0004203870198497
2701407,Campo Alegre,AL,-36.28292735333534,-9.814854038892376,0.0004197730511899
2919801,Macaúbas,BA,-42.69291768478028,-13.108137832619343,0.0004197431881993
2902708,Barra,BA,-43.36605211609115,-11.030565695403023,0.0004190379401671
2916856,Itatim,BA,-39.73469225162926,-12.712840162314583,0.0004185036596378
2414209,Tibau do Sul,RN,-35.09981752300551,-6.2416877256716345,0.0004162741822804
2211100,União,PI,-42.79503732730143,-4.595331807217095,0.0004160585515422
2914901,Itacaré,BA,-39.157794813342555,-14.362093574640499,0.000414985325111
2604205,Catende,PE,-35.73093627560008,-8.675535266672798,0.000414022779751
2801504,Carmópolis,SE,-36.966070684071646,-10.664601614484143,0.0004101410606045
2101251,Bacabeira,MA,-44.3579691400758,-2.936346391100915,0.0004086980182899
2512903,Rio Tinto,PB,-35.03614120910421,-6.796876392455507,0.0004080701448376
2305357,Icapuí,CE,-37.41059623921649,-4.738610581244704,0.0004066255718632
2311603,Redenção,CE,-38.76236207304851,-4.245595238527223,0.0004054833372741
2600302,Agrestina,PE,-35.94524500893142,-8.456613774828915,0.0004051719390836
2913200,Ibotirama,BA,-43.20476456944753,-12.038556317424606,0.0004043779216688
2112803,Viana,MA,-45.00250263236812,-3.156304548017584,0.0004040287108218
2805406,Poço Redondo,SE,-37.70872275020683,-9.850095354667618,0.0004039727266488
2105427,Itinga do Maranhão,MA,-47.26052200339717,-4.271291340822569,0.0004030239460719
2930154,Serra do Ramalho,BA,-43.67633847799354,-13.484194660095474,0.0004004270815498
2703809,Joaquim Gomes,AL,-35.778443891913966,-9.079378137021635,0.000398531948396
2508307,Lagoa Seca,PB,-35.86632472097013,-7.146247067336148,0.000392597250541
2613503,São José do Belmonte,PE,-38.74566701721002,-7.865761517259144,0.0003921799029891
2920601,Maragogipe,BA,-38.93826963247719,-12.823005823393588,0.0003919971705408
2412203,São José de Mipibu,RN,-35.28941624058374,-6.063997775737293,0.0003916300260422
2709103,Taquarana,AL,-36.4953076097582,-9.624658115304538,0.0003907669720895
2907806,Cícero Dantas,BA,-38.45418011296508,-10.506943988039723,0.0003892866298923
2701001,Boca da Mata,AL,-36.17823239148673,-9.668907921830467,0.0003871127629118
2401206,Arês,RN,-35.208175597792604,-6.19368670591689,0.000387045088884
2307809,Marco,CE,-40.261783033419526,-3.1895725039587117,0.000386787615186
2205508,José de Freitas,PI,-42.52494645951309,-4.713925577440014,0.0003867602750232
2310506,Pedra Branca,CE,-39.84683976186098,-5.496999422124846,0.0003857440094424
2925956,Rafael Jambeiro,BA,-39.57407857606638,-12.478737945305399,0.0003855003228466
2906303,Canavieiras,BA,-39.108825008606196,-15.651538760968185,0.0003849355556469
2615003,Taquaritinga do Norte,PE,-36.13045510333608,-7.869437855746713,0.0003842546218799
2207900,Pedro II,PI,-41.397024863371456,-4.495397995134843,0.0003823619553308
2927200,Ruy Barbosa,BA,-40.62965222314041,-12.243549288274902,0.0003822198291715
2103406,Coelho Neto,MA,-43.11193779307609,-4.248051234296149,0.0003811893014696
2500304,Alagoa Grande,PB,-35.60284228489118,-7.0590720135683815,0.0003803703789024
2606606,Ibimirim,PE,-37.61065455654269,-8.58586970129938,0.0003790610707494
2205706,Luís Correia,PI,-41.4816835044233,-3.0821601761729402,0.0003748605812963
2308005,Massapê,CE,-40.387599559558325,-3.484267524133705,0.0003746681943743
2402303,Caraúbas,RN,-37.583766023459226,-5.767242494675846,0.0003740575064239
2801306,Capela,SE,-37.036344267099665,-10.468751165545145,0.0003739307102923
2605301,Exu,PE,-39.74823186324804,-7.5160229979899515,0.0003733177643931
2615409,Toritama,PE,-36.05572538642798,-7.999021592847315,0.0003720547282929
2313955,Varjota,CE,-40.493936698253556,-4.167851207609603,0.0003717998425646
2614204,Sirinhaém,PE,-35.17208297220137,-8.571893582722973,0.0003701347210941
2408904,Parelhas,RN,-36.61948005803468,-6.71384255373355,0.0003693190246427
2304251,Cruz,CE,-40.323287778463936,-2.896534164172284,0.0003686762179786
2801405,Carira,SE,-37.71055762263972,-10.363763277813726,0.0003686193666656
2702355,Craíbas,AL,-36.788114034365464,-9.629529985033479,0.0003677382691916
2902807,Barra da Estiva,BA,-41.09809244984499,-13.650485215942416,0.0003674907805463
2412559,São Miguel do Gostoso,RN,-35.73719739714629,-5.193997778532248,0.0003670070548765
2908200,Conceição da Feira,BA,-38.9997604589673,-12.504862700458265,0.0003659157823414
2109601,Rosário,MA,-44.20187825061109,-2.9563262337010463,0.0003651081198004
2602001,Bodocó,PE,-39.965124858133976,-7.656367904960929,0.0003640091141507
2608107,João Alfredo,PE,-35.59238519500022,-7.860986482597346,0.0003635884244261
2614600,Tabira,PE,-37.51316020865188,-7.5776374367281925,0.0003615889956433
2512002,Pocinhos,PB,-36.093657950164086,-7.062660189774399,0.000360756037369
2208304,Piracuruca,PI,-41.61450665358459,-3.85357233005645,0.0003598400272854
2917300,Ituberá,BA,-39.152950297341484,-13.749334841275765,0.0003577461504269
2806107,Rosário do Catete,SE,-37.035451649519516,-10.682467735684387,0.0003575033077231
2112704,Vargem Grande,MA,-43.853806374386096,-3.710872953468093,0.0003571469937677
2805604,Porto da Folha,SE,-37.422436453961744,-9.91370915833229,0.0003557462657611
2905008,Caculé,BA,-42.2850499197727,-14.482889838373051,0.0003544641675265
2111508,São Mateus do Maranhão,MA,-44.527659291977976,-3.990212605019099,0.0003536174034498
2501500,Bananeiras,PB,-35.59626702611327,-6.700177004521027,0.0003534866569087
2610806,Pedra,PE,-36.89989601120578,-8.697077352502358,0.0003518238690891
2706802,Piaçabuçu,AL,-36.401733461069036,-10.386937562679048,0.0003506631506078
2312700,Senador Pompeu,CE,-39.4336350513853,-5.587669350943597,0.0003485041608715
2906907,Caravelas,BA,-39.6888095259851,-17.657524854869028,0.0003482327021914
2708006,Santana do Ipanema,AL,-37.210519674614936,-9.358069789128486,0.0003467649513338
2508901,Mamanguape,PB,-35.15589098083422,-6.720742595010755,0.0003457653299366
2909901,Curaçá,BA,-39.65145850400765,-9.222481695840395,0.0003456436959095
2608453,Lagoa do Carro,PE,-35.3367241646192,-7.8525884531094485,0.0003452054156063
2201150,Baixa Grande do Ribeiro,PI,-45.16098042977014,-8.505752773478932,0.0003450639228052
2905602,Camacan,BA,-39.5186765622356,-15.444373396122732,0.0003448663985196
2305308,Ibiapina,CE,-41.00620379508228,-3.951121288214292,0.0003448122311851
2607604,Ilha de Itamaracá,PE,-34.85441208781262,-7.759545465978926,0.0003435953546911
2906808,Cansanção,BA,-39.47271961693594,-10.726929006067563,0.0003432889332735
2917003,Itiúba,BA,-39.84535824425264,-10.731373978203655,0.0003422312947057
2110302,Santo Antônio dos Lopes,MA,-44.4811612693178,-4.826407923025098,0.0003400584909719
2307502,Lavras da Mangabeira,CE,-38.994558223489754,-6.777985440746934,0.0003396321459736
2102002,Bom Jardim,MA,-46.4182667305458,-3.9004037948891837,0.0003389051471297
2601409,Barreiros,PE,-35.258599699153706,-8.820186162334544,0.0003386955908725
2900801,Alcobaça,BA,-39.40955626195777,-17.469231114557306,0.000338108912855
2600906,Amaraji,PE,-35.465459471495315,-8.365021188403231,0.0003380546827486
2903276,Barrocas,BA,-39.094920273043655,-11.538041487791144,0.0003368137123959
2611408,Primavera,PE,-35.390928638547464,-8.326939014014775,0.000334941436437
2928208,Santana,BA,-43.94238278051219,-13.06565683932191,0.0003347571332291
2302503,Brejo Santo,CE,-38.9212576548662,-7.555740071329676,0.0003343701626084
2613404,São José da Coroa Grande,PE,-35.18518920432812,-8.865498531187692,0.0003341509557978
2309300,Nova Russas,CE,-40.52877784047862,-4.679855959027591,0.0003333270840786
2920700,Maraú,BA,-39.15051768903066,-14.155713168343299,0.0003321750222271
2408300,Nova Cruz,RN,-35.428953344679734,-6.44864551591125,0.0003300110846383
2806008,Ribeirópolis,SE,-37.42937292787928,-10.503998049637874,0.0003294351273767
2925758,Presidente Tancredo Neves,BA,-39.41764655891318,-13.449221870594759,0.0003292335152617
2610301,Paranatama,PE,-36.707112061646725,-8.893941474671813,0.00032814095138
2923001,Nova Viçosa,BA,-39.715402257118456,-17.8996660035717,0.0003281021435597
2932507,Unas,BA,-39.15139517805471,-15.219144895076571,0.0003278254629634
2702603,Feira Grande,AL,-36.66288859325974,-9.889320958216764,0.0003270732847659
2807105,Simão Dias,SE,-37.82831663413622,-10.756452699371133,0.0003262001412376
2501104,Areia,PB,-35.70535992158482,-6.950344409676876,0.0003260059043012
2609006,Macaparana,PE,-35.45021055103086,-7.52766547229465,0.000325620165883
2605004,Cupira,PE,-35.931375999000245,-8.583010184125751,0.0003256179587738
2607505,Itaíba,PE,-37.29581859882838,-8.984327681584013,0.0003254314179745
2401404,Baía Formosa,RN,-35.04489243691015,-6.434734810054066,0.000325377304896
2502508,Boqueirão,PB,-36.14987405288658,-7.506596296433483,0.0003252639441552
2305902,Ipueiras,CE,-40.87688597881798,-4.572800271372636,0.0003246059941852
2800670,Boquim,SE,-37.59697624520744,-11.120349607462073,0.0003232595845803
2933505,Wenceslau Guimarães,BA,-39.6192539375621,-13.628550468722821,0.0003227005215995
2916807,Itarantim,BA,-40.04914719492276,-15.697737614617662,0.0003222423597517
2308104,Mauriti,CE,-38.71738808033078,-7.397703278616847,0.0003222130643563
2922508,Nazaré,BA,-38.98086726512981,-12.953683487908034,0.0003218356994861
2804409,Neópolis,SE,-36.66039324699355,-10.34830353038548,0.0003212077352038
2100600,Amarante do Maranhão,MA,-46.582004572240734,-5.278402480924197,0.000320176448784
2412500,São Miguel,RN,-38.4742824293686,-6.214360332780203,0.0003200834798039
2805802,Riachão do Dantas,SE,-37.8004433521365,-11.033980396933089,0.0003192072383749
2302305,Bela Cruz,CE,-40.30800191016109,-3.0534602362560315,0.0003187976787364
2504801,Coremas,PB,-37.97530736611004,-7.0504763382253275,0.0003163469133687
2406106,Jucurutu,RN,-37.021393319141126,-6.058002223243443,0.000316176523614
2307403,Jucás,CE,-39.607258388363675,-6.4580162726046195,0.0003159577753388
2707305,Porto Calvo,AL,-35.42683900656628,-9.025992858810486,0.0003158309227416
2802304,Frei Paulo,SE,-37.589884041221175,-10.522484698342875,0.0003151661448029
2605905,Gameleira,PE,-35.39308466184536,-8.61247269456325,0.0003149181873713
2204402,Gilbués,PI,-45.40777559364217,-9.62189001965411,0.0003141429534652
2805505,Poço Verde,SE,-38.12708237846757,-10.80071059474152,0.0003127991173041
2206209,Miguel Alves,PI,-42.773556638538416,-4.2405158155891955,0.0003096502811744
2102036,Bom Jesus das Selvas,MA,-46.68863505430058,-4.600799785447792,0.0003095029987463
2304459,Fortim,CE,-37.87370423459738,-4.464396261046724,0.0003091186933497
2104552,Governador Edison Lobão,MA,-47.32477452590836,-5.718470368451408,0.0003089218367644
2907301,Castro Alves,BA,-39.36399699604036,-12.731625578505186,0.0003086878453248
2204501,Guadalupe,PI,-43.70468739660285,-6.842379713341834,0.0003082112955292
2708105,Santana do Mundaú,AL,-36.19133614812547,-9.130975063091755,0.0003079556491202
2509107,Mari,PB,-35.3058914558092,-7.037548770652279,0.0003064695861342
2927002,Rio Real,BA,-37.912730711849385,-11.547729518173195,0.0003061073405921
2105153,Igarapé do Meio,MA,-45.12382917764702,-3.656465986797374,0.0003053481608176
2702108,Colônia Leopoldina,AL,-35.760035110173746,-8.941846694005417,0.0003039886414341
2610509,Passira,PE,-35.5463020475157,-8.01246264271348,0.0003037672898649
2305605,Independência,CE,-40.34128840909989,-5.473781758066426,0.0003035278745017
2411502,Santo Antônio,RN,-35.505404658383846,-6.3394767683738955,0.0003028581059825
2916302,Itapebi,BA,-39.6531528632634,-15.912109888263046,0.0003022669781691
2701100,Branquinha,AL,-36.04193806264095,-9.223020745000236,0.0003018469115096
2304350,Forquilha,CE,-40.225473084716384,-3.8223540249998167,0.0003016952544463
2925006,Planalto,BA,-40.45738666198857,-14.708578487339567,0.0003015302393014
2112308,Tuntum,MA,-44.73062415620505,-5.610438945686705,0.0003008715447024
2313005,Solonópole,CE,-39.00243375247457,-5.7764683016155844,0.0003000401628325
2611705,Riacho das Almas,PE,-35.88289961440191,-8.081950812188202,0.0002991931977851
2200400,Altos,PI,-42.46971509826171,-5.014803287276227,0.0002986457629912
2313807,Uruburetama,CE,-39.514538252590995,-3.6212776552388535,0.0002962714543534
2600401,Água Preta,PE,-35.48184971034875,-8.72927283297615,0.000295396663098
2705101,Matriz de Camaragibe,AL,-35.581598763032545,-9.104497978609626,0.0002951887990608
2206605,Monte Alegre do Piauí,PI,-45.03041539412355,-9.604220399716635,0.0002950699054645
2313906,Uruoca,CE,-40.68035173749334,-3.320912357713756,0.0002950178419994
2109809,Santa Helena,MA,-45.371083992368945,-2.4189534695628434,0.0002949199198665
